elsevier_citation_count,semanticscholar_citation_count,first_last_author,author_count,journal
274,,"Li, Shufang; Cai, Dongmei",5,Computers in Biology and Medicine
5,,"Hamza, Mohd; Chandel, Garima",3,Proceedings - IEEE International Symposium on Circuits and Systems
3,,"Jemal, Imene; Mezghani, N.",5,Frontiers in Artificial Intelligence and Applications
102,,"Wang, Dong; Wang, Gang",7,IEEE Transactions on Biomedical Engineering
2,,"Sreenivasan, Neethu; Nikpour, A.",5,Sensors
6,,"S., Eldho; Annie, Liza",4,"Proceedings - 2013 International Conference on Emerging Trends in Communication, Control, Signal Processing and Computing Applications, IEEE-C2SPCA 2013"
17,,"Kumar, Abeg; Banka, Haider",2,Journal of Medical and Biological Engineering
2,,"S, P.; K, Sasmita.",4,"Proceedings - 6th International Conference on Computing Methodologies and Communication, ICCMC 2022"
,3,"Alsakaa, A.; Borawska, A.",6,International Journal of Electrical and Computer Engineering (IJECE)
23,,"Sridevi, V.; Nayak, D.",6,Journal of Clinical Neurophysiology
5,,"Ong, P.; Huong, Kee",3,Pattern Analysis and Applications
,25,"Shafiqul, Md.; Yang, Sung-Hyun",3,Italian National Conference on Sensors
41,,"Jiwani, Nasmin; Afreen, Neda",5,"2022 2nd International Conference on Emerging Smart Technologies and Applications, eSmarTA 2022"
146,,"San-Segundo-Hernández, Rubén; Pardo, J.",4,Computers in Biology and Medicine
22,,"Ammar, S.; Senouci, M.",2,"2016 17th International Conference on Sciences and Techniques of Automatic Control and Computer Engineering, STA 2016 - Proceedings"
2,,"Ammar, S.; Mohamed, Senouci",3,Control and Intelligent Systems
42,,"K., M.; Khatoon, Khudeja",5,International Journal on Interactive Design and Manufacturing
9,,"Chen, W.; Lai, F.",7,"13th IEEE International Conference on BioInformatics and BioEngineering, IEEE BIBE 2013"
0,,"Debeche, Romaissa; Chikh, Amine",3,Lecture Notes in Networks and Systems
24,,"Birjandtalab, J.; Nourani, M.",3,Proceedings of SPIE - The International Society for Optical Engineering
3,,"Tahir, Iqra; Abid, Sana",5,ACM International Conference Proceeding Series
284,,"Sharmila, A.; Geethanjali, P.",2,IEEE Access
,5,"Bairagi, V.; Varsha, Dr.",2,Journal of Statistics & Management Systems
9,,"Jiang, Yun; You, Yang",3,Biocybernetics and Biomedical Engineering
45,,"Birjandtalab, J.; Nourani, M.",3,"3rd IEEE EMBS International Conference on Biomedical and Health Informatics, BHI 2016"
0,,"Khorat, Dipankar; Sarkar, Soham",2,Brain Sciences
2,,"C, Vinutha; Subathra, M.",5,"2019 International Conference on Computer Communication and Informatics, ICCCI 2019"
35,,"Wang, G.; Yan, Xiangguo",6,IEEE Access
5,,"Lo, Michele; Aguglia, U.",10,International Journal of Environmental Research and Public Health
,4,"Gupta, Shivam; Gupta, O.",3,Advances in Distributed Computing and Artificial Intelligence Journal
12,,"Polat, Hasan; S., M.",2,"Perspective Technologies and Methods in MEMS Design, MEMSTECH 2016 - Proceedings of 12th International Conference"
1,,"Beatrice, S.; Meena, Janaki",2,Intelligent Automation and Soft Computing
3,,"Ge, Jing; Zhang, Guoping",2,Technology and Health Care
3,,"B., Hardika; Paunwala, C.",2,"Lecture Notes of the Institute for Computer Sciences, Social-Informatics and Telecommunications Engineering, LNICST"
143,,"Wei, Zuochen; Xu, Jianqiang",4,Biomedical Signal Processing and Control
65,,"Siuly, S.; Zhang, Yanchun",5,"IET Science, Measurement and Technology"
0,,"Sharmila, N.; Banu, PhD",2,Lecture Notes in Computer Science (including subseries Lecture Notes in Artificial Intelligence and Lecture Notes in Bioinformatics)
28,,"I., M.; Tanaka, Toshihisa",4,Sensors (Switzerland)
62,,"Vidyaratne, L.; Iftekharuddin, K.",4,Proceedings of the International Joint Conference on Neural Networks
22,,"Bhattacharyya, Abhijit; B., R.",3,"International Conference on Digital Signal Processing, DSP"
10,,"Jaffino, G.; Sundaram, M.",3,"Proceedings of the 2021 1st International Conference on Advances in Electrical, Computing, Communications and Sustainable Technologies, ICAECT 2021"
10,,"Tibdewal, M.; A., S.",2,"Proceedings - 2nd International Conference on Computing, Communication, Control and Automation, ICCUBEA 2016"
1,,"Rukhsar, S.; Panda, S.",3,INDICON 2022 - 2022 IEEE 19th India Council International Conference
26,,"Zhang, Shang; Qi, Yuan",9,Biocybernetics and Biomedical Engineering
,13,"Feltane, Amal; Besio, W.",5,International IEEE/EMBS Conference on Neural Engineering
13,,"Wang, Qing-Hua; Xu, Song",4,Neural Computing and Applications
17,,"S., T.; Thungamani, M.",2,Journal of The Institution of Engineers (India): Series B
1,,"S., V.; Devaraj, D.",3,"Proceedings of the 2nd International Conference on Communication and Electronics Systems, ICCES 2017"
73,,"Moctezuma, L.; Molinas, M.",2,Frontiers in Neuroscience
131,,"Li, Y.; Tan, T.",6,Knowledge-Based Systems
43,,"Yuan, Qi; Wei, Dongmei",5,International Journal of Neural Systems
5,,"X., Sukriti; Mitra, D.",3,"2019 International Conference on Wireless Communications, Signal Processing and Networking, WiSPNET 2019"
30,,"I., Ahmed; El-Henawy, I.",3,International Journal of Biomedical Imaging
0,,,,International Journal of Innovative Technology and Exploring Engineering
3,,"Li, Jing; Zhou, Sun",2,ICIIBMS 2021 - 6th International Conference on Intelligent Informatics and Biomedical Sciences
4,,"Brari, Zayneb; Belghith, S.",2,IFAC-PapersOnLine
68,,"A., K.; Farooq, O.",4,Expert Systems with Applications
12,,"M., S.; Nalbalwar, S.",3,Advances in Intelligent Systems and Computing
1,,"Mahajan, A.; Degadwala, S.",6,"PDGC 2020 - 2020 6th International Conference on Parallel, Distributed and Grid Computing"
227,,"Subasi, A.; Abdullah, M.",3,Neural Computing and Applications
5,,"Currey, Danielle; Craley, J.",5,"2021 55th Annual Conference on Information Sciences and Systems, CISS 2021"
1,,"K., Ali; Erdol, N.",4,"2018 IEEE International Symposium on Signal Processing and Information Technology, ISSPIT 2018"
6,,"Zazzaro, Gaetano; Pavone, Luigi",2,Biomedicines
36,,"E., Sergio; Román-Godínez, Israel",4,Sensors
21,,"Zhang, Zhongnan; Li, Chunfeng",5,Journal of X-Ray Science and Technology
2,,"Ranga, V.; Agrawal, Priyansh",4,Journal of Medical Engineering and Technology
102,,"Xie, Shengkun; Krishnan, S.",2,Medical and Biological Engineering and Computing
51,,"Ratham, Hadi; Abdulla, S.",4,Soft Computing
219,,"Li, Yang; Hu, Zhongxiu",6,IEEE Transactions on Neural Systems and Rehabilitation Engineering
6,,"Behnam, Morteza; Pourghassem, H.",2,"12th IEEE International Conference Electronics, Energy, Environment, Communication, Computer, Control: (E3-C3), INDICON 2015"
56,,"X., Sukriti; Mitra, D.",3,Biomedical Signal Processing and Control
37,,"Moctezuma, L.; Molinas, M.",2,Journal of Biomedical Research
11,,"Yildiz, .Ilkay; Duncan, D.",4,"Proceedings - 21st IEEE International Conference on Machine Learning and Applications, ICMLA 2022"
37,,"Ayodele, K.; Ogunbona, P.",4,Computers in Biology and Medicine
3,,"Shankar, A.; Barma, S.",3,"Proceedings of the Annual International Conference of the IEEE Engineering in Medicine and Biology Society, EMBS"
1,,"K., S.; Suchetha, M.",2,"Proceedings - IEEE International Conference on Advances in Computing, Communication and Applied Informatics, ACCAI 2022"
102,,"X., Aayesha; Fayaz, M.",5,Multimedia Tools and Applications
71,,"Al-Hadeethi, Hanan; H., Jonathan",5,Expert Systems with Applications
3,,"Panigrahi, M.; C., K.",3,Lecture Notes in Networks and Systems
33,,"Li, Mingyang; Zhang, Tao",3,Biocybernetics and Biomedical Engineering
4,,"Bousbia-Salah, A.; Talha-Kedir, Malika",2,"Biomedical Engineering - Applications, Basis and Communications"
19,,"Shankar, A.; Barma, S.",3,IEEE Journal of Biomedical and Health Informatics
2,,"He, Danting; Fu, Jingqi",2,"Chinese Control Conference, CCC"
79,,"Raghu, S.; G, bullet",3,Cognitive Neurodynamics
9,,"Ke, Nan; Ji, T.",5,"International Conference on Information and Knowledge Management, Proceedings"
86,,"Tao, Zhang; Li, Mingyang",3,Biomedical Signal Processing and Control
24,,"Karabiber, Ozlem; Akan, A.",2,International Journal of Neural Systems
52,,"Peng, Hong; Hu, Bin",7,Computers in Biology and Medicine
4,,"Q., A.; Tripathi, M.",3,Biomedizinische Technik
123,,"Birjandtalab, J.; Harvey, J.",5,Computers in Biology and Medicine
,22,"Pattnaik, Sasweta; Sabut, S.",3,International journal of information technology
21,,"Zhao, Yanna; Zheng, Yuanjie",9,International Journal of Neural Systems
9,,"Mu, Jian-ping; Yuan, Shasha",7,Biocybernetics and Biomedical Engineering
1,,"Prabhakar, S.; Rajaguru, H.",2,Advances in Intelligent Systems and Computing
2,,"Giannakakis, Giorgos; Zervakis, M.",6,"Proceedings - 2019 IEEE 19th International Conference on Bioinformatics and Bioengineering, BIBE 2019"
38,,"Morteza, Seyed; Baleghi, Y.",4,Biomedical Signal Processing and Control
154,,"Zhu, Guohun; Wen, P.",3,Computer Methods and Programs in Biomedicine
13,,"Sivasaravanababu, S.; Kumar, Rakesh",4,European Physical Journal: Special Topics
29,,"Luo, Zhenzhen; Hu, Zhongyi",11,Computers in Biology and Medicine
23,,"Yildiz, Ilkay; Duncan, D.",4,"Proceedings - 21st IEEE International Conference on Machine Learning and Applications, ICMLA 2022"
3,,,,Lecture Notes in Networks and Systems
29,,"Peng, Peizhen; Wei, Haikun",6,Biomedical Signal Processing and Control
47,,"Shoka, A.; Dessouky, M.",5,Brain Informatics
,2,"Alshaltone, O.; Shammaa, A.",8,The 3rd International Conference on Distributed Sensing and Intelligent Systems (ICDSIS 2022)
357,,"Alickovic, E.; Subasi, A.",3,Biomedical Signal Processing and Control
4,,"Rajaguru, H.; Prabhakar, S.",2,"Proceedings of the International Conference on Electronics, Communication and Aerospace Technology, ICECA 2017"
5,,"Ben, Itaf; Seddik, H.",2,"2020 International Conference on Advanced Technologies for Signal and Image Processing, ATSIP 2020"
44,,"Jia, Jian; Westover, M.",5,Biomedical Signal Processing and Control
209,,"Tiwari, A.; K., B.",4,IEEE Journal of Biomedical and Health Informatics
80,,"Diykh, Mohammed; Wen, P.",3,Expert Systems with Applications
16,,"Khayrul, Md.; Yoshida, Hiroaki",4,IECBES 2016 - IEEE-EMBS Conference on Biomedical Engineering and Sciences
21,,"Boubchir, L.; Bouridane, A.",3,"Proceedings of the International Conference on Microelectronics, ICM"
0,,"Quaiyum, Abdul; Tripathi, M.",3,"Proceedings - IEEE 2020 2nd International Conference on Advances in Computing, Communication Control and Networking, ICACCCN 2020"
172,,"Hassan, A.; Subasi, A.",2,Computer Methods and Programs in Biomedicine
20,,"Craley, J.; Venkataraman, A.",3,Lecture Notes in Computer Science (including subseries Lecture Notes in Artificial Intelligence and Lecture Notes in Bioinformatics)
14,,"Einizade, A.; Clifford, G.",5,"2020 IEEE Signal Processing in Medicine and Biology Symposium, SPMB 2020 - Proceedings"
45,,"Peng, Hong; Hu, Bin",7,Neurocomputing
27,,"Göksu, H.; Göksu, H.",1,Biomedical Signal Processing and Control
3,,"Ghosh, Arijit; Sarkar, Anasua",4,Physical and Engineering Sciences in Medicine
11,,"X., Tanu; Kakkar, D.",2,"Proceedings of the 8th International Conference Confluence 2018 on Cloud Computing, Data Science and Engineering, Confluence 2018"
0,,"Guharoy, Rabel; Biswas, S.",3,Journal of Physics: Conference Series
34,,"Fu, Rongrong; Bao, Tiantian",4,Journal of Medical Systems
12,,"Jothiraj, S.; George, S.",3,Knowledge-Based Systems
68,,"Shen, M.; Li, Yan",4,Biomedical Signal Processing and Control
14,,"Boubchir, L.; A., A.",4,"ICASSP, IEEE International Conference on Acoustics, Speech and Signal Processing - Proceedings"
27,,"K., Mariam; Tayeb, H.",4,EEG Brain Signal Classification for Epileptic Seizure Disorder Detection
3,,"Yedurkar, D.; Stephan, Thompson",3,Cognitive Neurodynamics
13,,"Raghu, S.; Kubben, P.",9,Clinical Neurophysiology
29,,"Kamrul, Md.; A., M.",4,Applied Bionics and Biomechanics
7,,"Ke, Nan; Lin, Zhouchen",3,"Proceedings - International Conference on Tools with Artificial Intelligence, ICTAI"
,86,"Gao, Xiaozeng; Zhang, Shubo",5,Artif. Intell. Medicine
15,,"M., Heba; A., F.",10,Annals of Data Science
6,,"Vipani, Raj; Dutta, S.",5,"2017 IEEE Calcutta Conference, CALCON 2017 - Proceedings"
31,,"Zeng, Wei; Wang, Ying",6,Artificial Intelligence Review
164,,"Hu, Xinmei; Yuan, Qi",6,Computers in Biology and Medicine
90,,"Parvez, M.; Paul, M.",2,IEEE Transactions on Neural Systems and Rehabilitation Engineering
3,,"Krishnaprasanna, R.; Panneerselvam, John",3,Physical and Engineering Sciences in Medicine
30,,"Pisano, F.; Teixeira, C.",7,Complexity
18,,"Nasehi, S.; Pourghassem, H.",2,Journal of Clinical Neurophysiology
36,,"Sriraam, N.; Kumar, A.",7,Brain Informatics
36,,"Barneih, F.; Al-Shammaa, Ahmed",7,"2022 Advances in Science and Engineering Technology International Conferences, ASET 2022"
10,,"Yuan, Shasha; Liu, Xiang",7,IEEE Transactions on Neural Systems and Rehabilitation Engineering
3,,"Seddik, N.; Kholief, M.",3,"Proceedings of the 7th Cairo International Biomedical Engineering Conference, CIBEC 2014"
20,,"Yan, Bo; Yu, Sheng",6,"2016 IEEE/CIC International Conference on Communications in China, ICCC 2016"
46,,"Raghu, S.; Kubben, P.",5,Neural Computing and Applications
16,,"Kumar, G.; Almadhor, Ahmad",3,Physical and Engineering Sciences in Medicine
10,,"P., T.; Chellam, G.",2,International Journal of Information Technology (Singapore)
3,,"Shahid, Abdulla; Rafiuddin, N.",4,"2018 International Conference on Computer Communication and Informatics, ICCCI 2018"
2,,"S., A.; Al, Ali",3,"Proceedings - 2021 2nd Asia Conference on Computers and Communications, ACCC 2021"
29,,"Iešmantas, T.; Alzbutas, R.",2,Medical and Biological Engineering and Computing
1,,"Cherifi, D.; Naït-Ali, A.",5,Informatica (Slovenia)
60,,"Ahmedt-Aristizabal, David; Sridharan, S.",4,Lecture Notes in Computer Science (including subseries Lecture Notes in Artificial Intelligence and Lecture Notes in Bioinformatics)
7,,"Tooba, Ayesha; Khan, Y.",2,International Journal of Information Technology (Singapore)
12,,"Behnam, Morteza; Pourghassem, H.",2,"2015 22nd Iranian Conference on Biomedical Engineering, ICBME 2015"
15,,"AshokkumarS., R.; Mohanbabu, G.",2,Journal of Intelligent and Fuzzy Systems
260,,"S., M.; Muhammad, G.",4,"ACM Transactions on Multimedia Computing, Communications and Applications"
1,,"Sun, Qi; Li, Shuangde",3,"Proceedings - 2021 14th International Congress on Image and Signal Processing, BioMedical Engineering and Informatics, CISP-BMEI 2021"
1,,"Praveena, H.; Naidu, K.",3,"International Journal of Computers, Communications and Control"
0,,"Fan, Boyu; Zhang, Xujie",3,ACM International Conference Proceeding Series
3,,"Mahajan, A.; Rameshkumar, M.",5,"Proceedings of the 4th International Conference on Electronics, Communication and Aerospace Technology, ICECA 2020"
12,,"Brari, Zayneb; Belghith, S.",2,"Proceedings of the International Conference on Advanced Systems and Emergent Technologies, IC_ASET 2020"
5,,"Liu, Haihong; Wang, Dong",5,Lecture Notes in Computer Science (including subseries Lecture Notes in Artificial Intelligence and Lecture Notes in Bioinformatics)
1,,"Patan, K.; Rutkowski, G.",2,Advances in Intelligent Systems and Computing
343,,"Sharma, M.; Acharya, U.",3,Pattern Recognition Letters
21,,"Deriche, Mohamed; Siddiqui, M.",4,IRBM
57,,"M., J.; C., J.",7,Expert Systems with Applications
3,,"Sriraam, N.; Kubben, P.",7,"2nd International Conference on Signal Processing and Communication, ICSPC 2019 - Proceedings"
48,,"Sharmila, A.; Mahalakshmi, P.",4,Journal of Medical Engineering and Technology
6,,"Palanichamy, Indurani; Begam, Firdaus",2,Revue d'Intelligence Artificielle
13,,"Lin, Jeng-Wei; Cichocki, A.",8,Journal of Medical and Biological Engineering
9,,"Divya, P.; Devi, B.",2,Biomedical Signal Processing and Control
0,,"Ahmad, Gufran; Sharma, Astha",3,"Proceedings - 4th International Conference on Smart Systems and Inventive Technology, ICSSIT 2022"
6,,"Qaisar, S.; Subasi, A.",2,Procedia Computer Science
14,,"Choubey, Hemant; Pandey, Alpana",2,Multidimensional Systems and Signal Processing
2,,"Tripathi, Alpika; Maurya, P.",4,Biomedical and Pharmacology Journal
9,,"G., A.; Horio, K.",4,Eurasip Journal on Advances in Signal Processing
40,,"A., Paschalis; Fotiadis, D.",5,"13th IEEE International Conference on BioInformatics and BioEngineering, IEEE BIBE 2013"
35,,"Sun, Yulin; Ming, Dong",8,IEEE Journal of Biomedical and Health Informatics
1,,"Meng, Q.; Wang, Dong",5,Lecture Notes in Computer Science (including subseries Lecture Notes in Artificial Intelligence and Lecture Notes in Bioinformatics)
0,,"Lin, Jeng-Wei; Lin, Jeng-Wei",1,"2018 IEEE 4th International Conference on Computer and Communications, ICCC 2018"
2,,"Shinde, Rutuja; Gore, S.",3,"Proceedings - 2019 5th International Conference on Computing, Communication Control and Automation, ICCUBEA 2019"
73,,"Abiyev, R.; Ilhan, Ahmet",5,IEEE Access
3,,"Mammone, N.; Morabito, F.",6,"Smart Innovation, Systems and Technologies"
3,,"Omer, Nasser; Sudirman, R.",3,Lecture Notes in Computer Science (including subseries Lecture Notes in Artificial Intelligence and Lecture Notes in Bioinformatics)
22,,"Liu, Yang; Zhang, Haibo",5,Multimedia Tools and Applications
25,,"Chanel, Laurent; Wolf, D.",5,Informatics in Medicine Unlocked
,1,"Sharma, Ayushi; Paul, S.",2,"Computational Methods in Science and Technology - Proceedings of the 4th International Conference on Computational Methods in Science and Technology, ICCMST 2024"
,19,"Mohammadi, M.; Pouyan, A.",3,Multidimensional systems and signal processing
76,,"Kiranyaz, S.; Ince, D.",4,Journal of Biomedical Informatics
3,,"Balakrishnan, Pushpa; Nayak, Dinesh",3,International Journal of Epilepsy
15,,"Thu, Si; Wongsawat, Y.",2,Frontiers in Physiology
0,,"Prabhu, P.; Sinha, Sanjib",7,"Smart Innovation, Systems and Technologies"
32,,"Shen, Chia-Ping; Lai, F.",13,PLoS ONE
2,,"S., A.; Iqbal, K.",3,Journal of Biomedical Research
13,,"Belhadj, S.; A., A.",5,"Proceedings of 2016 8th International Conference on Modelling, Identification and Control, ICMIC 2016"
83,,"D., Katerina; Tsipouras, M.",7,Health and Technology
1,,"Altindis, Fatih; Yilmaz, Bülent",2,TIPTEKNO 2021 - Tip Teknolojileri Kongresi - 2021 Medical Technologies Congress
152,,"Lee, Sang-Hong; Lee, Young-Ho",5,Computer Methods and Programs in Biomedicine
4,,"Miao, Bo; Zhang, Yulin",5,Lecture Notes in Computer Science (including subseries Lecture Notes in Artificial Intelligence and Lecture Notes in Bioinformatics)
24,,"Geng, Dongyun; Geng, Shujuan",4,Biocybernetics and Biomedical Engineering
143,,"Gajic, Dragoljub; Savić-Gajić, I.",5,Frontiers in Computational Neuroscience
1,,"Liu, Haihong; Zhou, Jin",6,Lecture Notes in Computer Science (including subseries Lecture Notes in Artificial Intelligence and Lecture Notes in Bioinformatics)
8,,"Sood, Vidhi; Gupta, S.",4,"PDGC 2020 - 2020 6th International Conference on Parallel, Distributed and Grid Computing"
37,,"Kaleem, M.; Krishnan, S.",3,"Proceedings of the Annual International Conference of the IEEE Engineering in Medicine and Biology Society, EMBS"
5,,"Liu, Jian; Feng, Jim",5,Biomedical Signal Processing and Control
45,,"G., Hisham; Bayoumi, M.",3,"Proceedings - 2018 IEEE 14th International Colloquium on Signal Processing and its Application, CSPA 2018"
17,,"Zhang, Zhe; Wang, Guoxing",8,Journal of Sensors
2,,"Prabhakar, S.; Lee, Seong-Whan",3,"8th International Winter Conference on Brain-Computer Interface, BCI 2020"
31,,"Lu, Ya-nan; Wang, Yuanyuan",4,Technology and Health Care
0,,"Du, Lei; Li, Y.",5,Lecture Notes in Computer Science (including subseries Lecture Notes in Artificial Intelligence and Lecture Notes in Bioinformatics)
20,,"Zhang, Zisheng; Parhi, K.",2,"2014 36th Annual International Conference of the IEEE Engineering in Medicine and Biology Society, EMBC 2014"
64,,"Ayoubian, L.; Gotman, J.",3,Medical Engineering and Physics
21,,"R., R.; Nagmode, M.",2,Biocybernetics and Biomedical Engineering
96,,"Zarei, Asghar; M., B.",2,Computers in Biology and Medicine
8,,"Waqar, Hussain; Raheel, M.",8,"Proceedings - 5th IEEE International Conference on Big Data Service and Applications, BigDataService 2019, Workshop on Big Data in Water Resources, Environment, and Hydraulic Engineering and Workshop on Medical, Healthcare, Using Big Data Technologies"
12,,"AshokkumarS., R.; Anupallavi, S.",3,Multimedia Tools and Applications
3,,"Prasanna, J.; Subathra, M.",5,"2019 International Conference on Computer Communication and Informatics, ICCCI 2019"
4,,"Shankar, A.; Barma, S.",3,Midwest Symposium on Circuits and Systems
21,,"Tasmin, Tanima; Shahnaz, C.",4,"1st International Conference on Advances in Science, Engineering and Robotics Technology 2019, ICASERT 2019"
59,,"Gabeff, Valentin; Atienza, David",7,Artificial Intelligence in Medicine
56,,"You, Sungmin; Kim, I.",7,Computer Methods and Programs in Biomedicine
0,,"Wijayanto, I.; A., H.",3,Lecture Notes in Electrical Engineering
11,,"Fergus, P.; Al-Jumeily, D.",4,Lecture Notes in Computer Science (including subseries Lecture Notes in Artificial Intelligence and Lecture Notes in Bioinformatics)
18,,"Zainal, Md.; Shahadat, Mohammad",3,"2019 5th International Conference on Advances in Electrical Engineering, ICAEE 2019"
10,,"Venkataraman, Vinay; Iasemidis, L.",7,"2014 36th Annual International Conference of the IEEE Engineering in Medicine and Biology Society, EMBC 2014"
7,,"Agrawal, A.; Gupta, Prachi",3,"Proceedings of the International Conference on Cloud Computing Technology and Science, CloudCom"
1,,"Anand, S.; Mukul, M.",2,IEEE/Engineering in Medicine and Biology Society Annual Conference
3,,"Das, Kaushik; K., G.",2,"2nd International Conference on Energy, Power and Environment: Towards Smart Technology, ICEPE 2018"
16,,"Al-Hadeethi, Hanan; H., Jonathan",4,Diagnostics
17,,"Fatichah, Chastine; Ali, Mohammed",5,"2014 10th International Conference on Natural Computation, ICNC 2014"
1,,"Bala, Diponkor; Abdullah, M.",6,"2022 IEEE Conference on Interdisciplinary Approaches in Technology and Management for Social Innovation, IATMSI 2022"
39,,"Choi, Gwangho; Chong, J.",9,"2019 IEEE International Conference on Consumer Electronics, ICCE 2019"
22,,"Das, Priya; Ramkumar, Barathram",3,"2018 13th International Conference on Industrial and Information Systems, ICIIS 2018 - Proceedings"
0,,"Chen, Shanen; Zhang, Xi",2,IEEE International Conference on Automation Science and Engineering
24,,"Faizul, Md.; Fattah, S.",2,Biomedical Signal Processing and Control
1,,"S, Geeitha; M, S.",5,"Proceedings - International Conference on Applied Artificial Intelligence and Computing, ICAAIC 2022"
1,,"Sridevi, V.; Rathore, C.",6,"2018 International Conference on Circuits and Systems in Digital Enterprise Technology, ICCSDET 2018"
22,,"Li, Mingyang; Chen, Wanzhong",3,Medical and Biological Engineering and Computing
57,,"Mamli, Shamzin; Kalbkhani, Hashem",2,Biocybernetics and Biomedical Engineering
11,,,,IEEE Transactions on Neural Systems and Rehabilitation Engineering
58,,"Li, Chaosong; Shang, Wei",8,IEEE Transactions on Neural Systems and Rehabilitation Engineering
14,,"Yuan, Shasha; Wu, Qi",4,Medical and Biological Engineering and Computing
7,,"Zhang, Peiling; Liu, Ankang",3,Journal of Healthcare Engineering
23,,"Dhiman, R.; X., Priyanka",3,Applied Soft Computing Journal
189,,"Swami, P.; Anand, S.",5,Expert Systems with Applications
6,,"Liu, Yu; Li, Yang",2,"2019 IEEE Symposium Series on Computational Intelligence, SSCI 2019"
22,,"Thilagaraj, M.; Arun, N.",3,Cluster Computing
33,,"Kaziha, Omar; Bonny, Talal",2,"Proceedings of the Annual International Conference of the IEEE Engineering in Medicine and Biology Society, EMBS"
15,,"Gu, Z.; Yu, Z.",5,IEEE Access
4,,"Yu, Yifei; Gai, Z.",5,"2019 IEEE Symposium Series on Computational Intelligence, SSCI 2019"
4,,"Karabiber, Ozlem; Akan, A.",3,European Signal Processing Conference
4,,"Du, Ruoyu; Zhu, Shujin",3,"Proceedings - 2022 15th International Congress on Image and Signal Processing, BioMedical Engineering and Informatics, CISP-BMEI 2022"
74,,"Sohaib, Muhammad; Kamboh, A.",5,IEEE Access
2,,"Wang, Qing-Hua; Xu, Song",3,"ICSPCC 2020 - IEEE International Conference on Signal Processing, Communications and Computing, Proceedings"
21,,"AshokkumarS., R.; Anupallavi, S.",3,International Journal of Imaging Systems and Technology
2,,"Shekokar, Kishori; Dour, Shweta",2,"6th International Conference on Electronics, Communication and Aerospace Technology, ICECA 2022 - Proceedings"
2,,"Dr, N.Saranya; X., Asst.Prof",4,"Proceedings - 2nd International Conference on Smart Electronics and Communication, ICOSEC 2021"
36,,"Zubair, Muhammad; Kongara, Ramanjaneyulu",7,IEEE Sensors Journal
79,,"Mohammadpoory, Zeynab; Haddadnia, Javad",3,Seizure
23,,"Mert, A.; Akan, A.",2,"Signal, Image and Video Processing"
11,,"Abugabah, A.; Alarifi, Abdulaziz",4,Journal of Ambient Intelligence and Humanized Computing
70,,"Kumar, Abeg; Banka, H.",2,Australasian Physical and Engineering Sciences in Medicine
62,,"Karabiber, Ozlem; Akan, A.",4,BioMedical Engineering Online
9,,"Sagga, Dhouha; Hamida, A.",5,"International Conference on Advanced Technologies for Signal and Image Processing, ATSIP 2022"
28,,"Rajamanickam, Yuvaraj; Dauwels, J.",4,"Conference Record - Asilomar Conference on Signals, Systems and Computers"
127,,"Wei, Xiao-Hong; Zhou, Yi",5,BMC Medical Informatics and Decision Making
0,,"Huong, Kee; Ong, P.",3,AIP Conference Proceedings
2,,"Maaz, Mohd; Farooq, Omar",3,"10th International Symposium on Digital Forensics and Security, ISDFS 2022"
0,,"Meng, Q.; Chen, Shanshan",4,"2013 Asia-Pacific Signal and Information Processing Association Annual Summit and Conference, APSIPA 2013"
13,,"Mouleeshuwarapprabu, R.; Kasthuri, N.",2,Microprocessors and Microsystems
24,,"R., G.; Rao, R.",2,"Engineering Science and Technology, an International Journal"
0,,"Yedurkar, D.; Metkar, S.",2,"Proceeding of the 2021 9th International Electrical Engineering Congress, iEECON 2021"
16,,"Goshvarpour, Atefeh; Goshvarpour, A.",2,"Signal, Image and Video Processing"
8,,"Ceballos, Eric; George, S.",4,Neural Computing and Applications
7,,"Lin, Qin; Xue, Yun",7,International Journal of Machine Learning and Cybernetics
9,,"Asha, S.; Sudhamony, S.",5,"Proceedings - 2013 IEEE International Multi Conference on Automation, Computing, Control, Communication and Compressed Sensing, iMac4s 2013"
15,,"Rajendran, T.; Deepa, S.",3,Open Biomedical Engineering Journal
8,,"K., Ali; Muhamed, Ali",4,"25th European Signal Processing Conference, EUSIPCO 2017"
25,,"Kirichenko, Lyudmyla; Radivilova, T.",3,Advances in Intelligent Systems and Computing
52,,"Kalbkhani, Hashem; Shayesteh, M.",2,Biomedical Signal Processing and Control
1,,"Dhuria, Hemanshu; Rupak, B.",7,Lecture Notes in Electrical Engineering
15,,"Behnam, Morteza; Pourghassem, H.",2,IETE Journal of Research
10,,"Nanthini, K.; A., P.",6,"2022 International Conference on Computer Communication and Informatics, ICCCI 2022"
4,,"Jabbar, Asseel; fattah, Ali",3,Iraqi Journal of Science
30,,"Ahmadi, Amirmasoud; Daliri, M.",3,"2017 Electric Electronics, Computer Science, Biomedical Engineerings' Meeting, EBBT 2017"
15,,"Lei, Chang; Hu, Bin",7,IEEE Transactions on Instrumentation and Measurement
12,,"Prabhakar, S.; Rajaguru, H.",2,1st International Conference - EECon 2016: 2016 Electrical Engineering Conference
42,,"Nasehi, S.; Pourghassem, Hossein",2,"Proceedings - 2013 International Conference on Communication Systems and Network Technologies, CSNT 2013"
69,,"D.K., Thara; Xiong, F.",3,Pattern Recognition Letters
13,,"Munirathinam, R.; Umathurai, Saravanakumar",4,Multimedia Tools and Applications
15,,"Hu, Xinmei; Yuan, Qi",2,"2019 IEEE 11th International Conference on Advanced Infocomm Technology, ICAIT 2019"
37,,"Sivasankari, K.; Thanushkodi, K.",2,Journal of Electrical Engineering and Technology
21,,"Gao, Zhen; Zhang, Wanming",8,Frontiers in Physiology
4,,"A., Mona; Abd-elfattah, M.",2,International Journal of Intelligent Engineering and Systems
1,,"Al-Bokhity, B.; Nazmy, T.",3,ICENCO 2017 - 13th International Computer Engineering Conference: Boundless Smart Societies
31,,"Xun, Guangxu; Zhang, Aidong",3,BMC Medical Informatics and Decision Making
108,,"Yuan, Qi; Chen, Meina",8,Seizure
9,,"Torse, Dattaprasad; Khanai, Rajashri",3,Journal of Biomedical Research
9,,"Singh, Nalini; Dehuri, Satchidananda",2,Lecture Notes in Electrical Engineering
1,,"X., Sukriti; Mitra, D.",3,"2020 IEEE 15th International Conference on Industrial and Information Systems, ICIIS 2020 - Proceedings"
5,,"Wang, Fenglin; Chen, Yuehui",4,"2014 36th Annual International Conference of the IEEE Engineering in Medicine and Biology Society, EMBC 2014"
3,,"Yakoubi, M.; B., M.",3,"2018 International Conference on Signal, Image, Vision and their Applications, SIVA 2018"
8,,"Kiranmayi, G.; Udayashankara, V.",2,"2013 International Conference on Circuits, Controls and Communications, CCUBE 2013"
28,,,,Biocybernetics and Biomedical Engineering
0,,"Hassan, Mohammad; H., S.",3,"Proceedings - 2021 7th International Conference on Signal Processing and Intelligent Systems, ICSPIS 2021"
250,,"Bhattacharyya, Abhijit; Acharya, U.",4,Applied Sciences (Switzerland)
2,,"Sood, M.; Bhooshan, S.",2,"Proceedings of 2015 3rd International Conference on Image Information Processing, ICIIP 2015"
23,,"Wei, L.; Mooney, C.",2,"2020 IEEE Signal Processing in Medicine and Biology Symposium, SPMB 2020 - Proceedings"
63,,"Dash, D.; Jha, K.",3,Computers in Biology and Medicine
,5,"Swami, P.; Santhosh, J.",5,"2015 International Conference on Recent Developments in Control, Automation and Power Engineering (RDCAPE)"
6,,"Rukhsar, S.; Tooba, Ayesha",4,"Proceedings of the International Conference on Inventive Computing and Informatics, ICICI 2017"
48,,"Yang, Shuhan; Zhou, F.",10,Computers in Biology and Medicine
1,,"Qin, Yingmei; Li, Huiyan",4,"Chinese Control Conference, CCC"
30,,"Xia, Yudan; Geng, Shujuan",5,Epilepsy and Behavior
86,,"Wu, Jiang; Li, Taiyong",3,Entropy
42,,"Mahjoub, C.; Kachouri, A.",4,Biomedizinische Technik
70,,"Hussain, Waqar; Rehman, A.",4,Applied Acoustics
4,,"Suguna, P.; Umamaheswari, R.",3,"Proceedings of the 4th International Conference on Electronics, Communication and Aerospace Technology, ICECA 2020"
226,,"Wang, Lina; Huang, Chao",7,Entropy
28,,"A., H.; S., V.",6,Neural Computing and Applications
3,,"Khanmohammadi, Sina; Chou, C.",2,Lecture Notes in Computer Science (including subseries Lecture Notes in Artificial Intelligence and Lecture Notes in Bioinformatics)
96,,"Rashed-Al-Mahfuz, Md.; Eapen, V.",6,IEEE Journal of Translational Engineering in Health and Medicine
27,,"Sharan, R.; Berkovsky, S.",2,"Proceedings of the Annual International Conference of the IEEE Engineering in Medicine and Biology Society, EMBS"
,130,"Li, Yang; Guo, Qi",6,IEEE journal of biomedical and health informatics
62,,"D., N.; Kavehei, O.",6,Expert Systems with Applications
7,,"Wang, Xiaoshuang; Cong, F.",3,European Signal Processing Conference
122,,"S., Noha; Kholief, M.",3,Computers and Electrical Engineering
1,,"Sharma, Nitin; S., R.",3,"Proceedings of the 8th International Conference on Signal Processing and Integrated Networks, SPIN 2021"
25,,"Sheykhivand, S.; Farzamnia, A.",5,IEEE Access
22,,"Rajaguru, H.; Prabhakar, S.",2,"Proceedings of the International Conference on Computing Methodologies and Communication, ICCMC 2017"
1,,"M., Safaa; Antony, A.",9,Expert Systems with Applications
232,,"Fu, K.; Dong, Yong",4,Biomedical Signal Processing and Control
7,,"Quintero-Rincón, Antonio; Batatia, H.",3,Journal of Biomedical Research
52,,"Li, Mingyang; Zhang, Tao",3,Biocybernetics and Biomedical Engineering
0,,"Das, A.; Bhuiyan, M.",2,"8th International Conference on Electrical and Computer Engineering: Advancing Technology for a Better Tomorrow, ICECE 2014"
2,,"Abdinurova, Nazgul; Kuzhaniyazova, Albina",3,"Proceedings of the 2015 12th International Conference on Electronics Computer and Computation, ICECCO 2015"
3,,"Yoshiba, Takumu; Sankai, Y.",3,"Proceedings of the Annual International Conference of the IEEE Engineering in Medicine and Biology Society, EMBS"
3,,"P, V.; Vishwakarma, Aditya",4,"2021 International Conference on Wireless Communications, Signal Processing and Networking, WiSPNET 2021"
4,,"Sairamya, N.; Subathra, M.",4,Communications in Computer and Information Science
0,,"Wang, Jing; Ozden, I.",3,Proceedings - Applied Imagery Pattern Recognition Workshop
16,,"K., D.; R., M.",4,Journal of Applied Sciences
7,,"Shanmugasundaram, J.; Jeevanantham, V.",5,Materials Today: Proceedings
201,,"Vidyaratne, L.; Iftekharuddin, K.",2,Journal of Clinical Neurophysiology
2,,"Martin, John; S., S.",2,International Journal of Computing and Digital Systems
14,,"Huang, Zhentao; Sun, Jingbo",8,Brain Sciences
1,,"Kumar, Anisha; Asaithambi, Mythili",5,"Proceedings of 2021 IEEE 7th International Conference on Bio Signals, Images and Instrumentation, ICBSII 2021"
160,,"Patidar, Shivnarayan; Panigrahi, T.",2,Biomedical Signal Processing and Control
3,,"Sreekumar, A.; S., P.",6,Advances in Intelligent Systems and Computing
1,,"Sanila, S.; Sathyalakshmi, S.",2,Advances in Intelligent Systems and Computing
3,,"Tăuțan, Alexandra-Maria; Neagu, G.",7,IFMBE Proceedings
56,,"Jiang, Yun; Li, Mingyang",3,Computers in Biology and Medicine
89,,"Yuan, Ye; Zhang, Aidong",4,"ACM-BCB 2017 - Proceedings of the 8th ACM International Conference on Bioinformatics, Computational Biology, and Health Informatics"
17,,"Liu, Yunxiao; Wang, Jing",5,Computers in Biology and Medicine
61,,"Zhang, Baocan; Che, W.",8,Computational and Mathematical Methods in Medicine
2,,"Pavone, Luigi; Moyanova, Slavianka",3,"Proceedings - 2020 International Conference on Computational Science and Computational Intelligence, CSCI 2020"
2,,"M., Yasmin; Ghany, M.",4,"2022 International Conference on Microelectronics, ICM 2022"
48,,"Shankar, A.; Barma, S.",4,Biomedical Signal Processing and Control
11,,"Yu, Zuyi; Yuan, Qi",8,Medical and Biological Engineering and Computing
151,,"Tao, Zhang; Li, Mingyang",3,Biomedical Signal Processing and Control
7,,"Yasmeen, S.; Karki, M.",2,Mathematical and Computational Applications
4,,"Romaissa, Debeche; A., M.",3,"2019 International Conference on Advanced Electrical Engineering, ICAEE 2019"
17,,"Thanaraj, Palani; Balasubramanian, Parvathavarthini",2,"2016 IEEE International Conference on Computational Intelligence and Computing Research, ICCIC 2016"
2,,"Martínez-Montes, E.; Lage-Castellanos, A.",3,IFMBE Proceedings
10,,"Yang, Lijun; Yang, Xiaohui",4,Physiological Measurement
13,,"Zhang, Shuling; Song, Jiangling",4,International Journal of Machine Learning and Cybernetics
6,,"Anila, H.; S., V.",3,Advances in Intelligent Systems and Computing
67,,"Hu, Dinghan; Ding, Yao",6,IEEE Transactions on Circuits and Systems II: Express Briefs
239,,"Alam, S.; Bhuiyan, M.",2,IEEE Journal of Biomedical and Health Informatics
1,,"Cherifi, D.; Nait-Ali, A.",7,Lecture Notes in Networks and Systems
15,,"Handa, Palak; Goel, Nidhi",2,Expert Systems
48,,"Kavitha, K.; Alhassan, Musah",7,Journal of Healthcare Engineering
26,,"Tajmirriahi, Mahnoosh; Amini, Z.",2,"Chaos, Solitons and Fractals"
13,,"Xun, Guangxu; Zhang, Aidong",3,"Proceedings - 2015 IEEE International Conference on Bioinformatics and Biomedicine, BIBM 2015"
81,,"Omidvar, M.; Bakhshi, H.",3,Journal of Ambient Intelligence and Humanized Computing
36,,"Yuan, Ye; Zhang, Aidong",4,BMC Systems Biology
130,,"Fergus, P.; Abdel-Aziz, K.",5,BioMed Research International
163,,"Kumar, Abeg; Banka, H.",2,Biomedical Signal Processing and Control
83,,"Zhang, Xiang; Li, Yong",6,IEEE Journal of Biomedical and Health Informatics
51,,"Ilakiyaselvan, N.; Shahina, A.",3,Journal of Biomedical Research
1291,,"R., U.; Adeli, H.",6,Computers in Biology and Medicine
25,,"Bajaj, V.; Sharma, D.",4,Biomedical Physics and Engineering Express
5,,"Naser, Aya; Tolba, M.",4,Advances in Intelligent Systems and Computing
13,,"V., N.; Naik, Gopiya",2,Biomedical Signal Processing and Control
0,,"Suman, Saurav; Ghare, Pradnya",4,"Smart Innovation, Systems and Technologies"
1,,"Karabiber, Ozlem; Akan, A.",2,"TIPTEKNO 2020 - Tip Teknolojileri Kongresi - 2020 Medical Technologies Congress, TIPTEKNO 2020"
24,,,,Measurement: Journal of the International Measurement Confederation
17,,"Na, Junying; Xu, Zhaohui",4,IEEE Access
2,,"Chittala, A.; Kumar, Nikhil",4,"2021 6th International Conference on Recent Trends on Electronics, Information, Communication and Technology, RTEICT 2021"
33,,"Vanabelle, P.; Boukhebouze, Mohamed",5,Journal of Biomedical Research
203,,"Tao, Zhang; Chen, Wanzhong",2,IEEE Transactions on Neural Systems and Rehabilitation Engineering
2,,"Paul, Yash; Fridli, S.",2,Lecture Notes in Computer Science (including subseries Lecture Notes in Artificial Intelligence and Lecture Notes in Bioinformatics)
2,,"Sharanya, B.; Manigandan, T.",3,"Proceedings of 2014 IEEE International Conference on Advanced Communication, Control and Computing Technologies, ICACCCT 2014"
0,,"Wu, Zikang; Zhou, Sun",2,"2022 International Conference on Smart Generation Computing, Communication and Networking, SMART GENCON 2022"
80,,"George, S.; Joel, M.",5,Biocybernetics and Biomedical Engineering
,1,"Mahantesh, K.; Chetana, R.",2,
59,,"Dhiman, R.; X., Priyanka",3,Applied Soft Computing Journal
1,,"X., Aθ; X., Aα",2,International Journal of Engineering and Advanced Technology
2,,"Torse, Dattaprasad; Khanai, Rajashri",3,"Proceedings of the 2018 IEEE International Conference on Communication and Signal Processing, ICCSP 2018"
27,,"Bose, S.; C.B.Rama, Dr.",5,"2017 International Conference on Computer and Applications, ICCA 2017"
2,,"Qaisar, S.; Subasi, A.",2,"2019 13th International Conference on Sampling Theory and Applications, SampTA 2019"
70,,"Mardini, W.; Meqdadi, Omar",6,IEEE Access
2,,"Dhif, Imen; Garda, P.",6,"Proceedings of the Annual International Conference of the IEEE Engineering in Medicine and Biology Society, EMBS"
94,,"Raghu, S.; Kubben, P.",4,Expert Systems with Applications
35,,"Bose, R.; Chatterjee, S.",3,IET Signal Processing
9,,"S., V.; Viswanathan, R.",2,Journal of Healthcare Engineering
1,,"Ebraheem, Sk.; R., P.",2,International Journal of Recent Technology and Engineering
12,,"Tanveer, Muhammad; V., N.",3,"Proceedings of the 2018 IEEE Symposium Series on Computational Intelligence, SSCI 2018"
36,,"Ramakrishnan, S.; S., A.",2,Pattern Analysis and Applications
2,,"Li, Qiang; Zhang, Rui",4,Lecture Notes in Computer Science (including subseries Lecture Notes in Artificial Intelligence and Lecture Notes in Bioinformatics)
52,,"Rodríguez, Yissel; Van, S.",5,IEEE Journal of Biomedical and Health Informatics
10,,"X., Aayesha; Gwak, Jeonghwan",5,"Computers, Materials and Continua"
6,,"Z., A.; A., M.",5,"2020 IEEE Symposium on Industrial Electronics and Applications, ISIEA 2020"
89,,"Lahmiri, S.; Shmuel, A.",2,IEEE Transactions on Instrumentation and Measurement
1,,"Rani, T.; Kavitha, D.",2,IETE Journal of Research
3,,"Ren, Hao; Tang, Qiu",5,Applied Sciences (Switzerland)
4,,"Rachappa, Ch.; Nagaraju, V.",3,Indonesian Journal of Electrical Engineering and Computer Science
16,,"Baykara, M.; Abdulrahman, Awf",2,Traitement du Signal
1,,"Cheng, Xiaolin; Han, Min",3,Journal of Neuroscience Methods
14,,"Harishvijey, A.; Raja, J.",2,Biomedical Signal Processing and Control
46,,"Hamad, A.; Fahmy, A.",4,Advances in Intelligent Systems and Computing
50,,"Sameer, M.; Gupta, B.",2,Wireless Personal Communications
46,,"Behnam, Morteza; Pourghassem, H.",2,Computer Methods and Programs in Biomedicine
130,,"Hassan, A.; Zhang, Yanchun",3,Knowledge-Based Systems
56,,"Bhardwaj, Arpit; Varma, Vishaal",4,Computer Methods and Programs in Biomedicine
76,,"Liang, Weixia; Wang, Yonghua",4,Neurocomputing
2,,"Dalal, P.; Chapatwala, Neeta",3,"2022 IEEE Region 10 Symposium, TENSYMP 2022"
8,,"Panigrahi, M.; C., K.",3,Indonesian Journal of Electrical Engineering and Computer Science
11,,"Liu, Hongmin; Zhang, Juanjuan",4,Mathematical Biosciences and Engineering
,1,"A., M.; Gueye, L.",3,
85,,"Murugavel, A.; Ramakrishnan, S.",2,Medical and Biological Engineering and Computing
,,,,
12,,"Rajaguru, H.; Prabhakar, S.",2,"Proceedings of the International Conference on Electronics, Communication and Aerospace Technology, ICECA 2017"
7,,"Sarkies, Garineh; Jasim, Esraa",2,Informatica (Slovenia)
7,,"Pinto-Orellana, Marco; Cerqueira, F.",2,Advances in Intelligent Systems and Computing
2,,"Cai, Lihui; Fan, Yaqin",7,Proceedings of the World Congress on Intelligent Control and Automation (WCICA)
19,,"Pan, Yayan; Zheng, Shilian",6,Computational and Mathematical Methods in Medicine
46,,"Yan, Aiyu; Wang, Jiwen",7,Epilepsy and Behavior
20,,"Hussain, Waqar; Mengni, Zhou",11,IEEE Access
0,,"M, Janani; S, Mohan",6,"2022 IEEE North Karnataka Subsection Flagship International Conference, NKCon 2022"
5,,"Zhang, Hanyong; Li, Y.",4,Lecture Notes in Computer Science (including subseries Lecture Notes in Artificial Intelligence and Lecture Notes in Bioinformatics)
4,,"Mitha, M.; Viswanadhan, Mithra",3,"2014 International Conference on Control, Instrumentation, Communication and Computational Technologies, ICCICCT 2014"
26,,"R., Z.; R., Z.",1,Computer Methods and Programs in Biomedicine
11,,"Lee, Miran; Kim, Deok‐Hwan",4,"Proceedings - 2018 IEEE International Conference on Big Data and Smart Computing, BigComp 2018"
13,,"Jindal, K.; Upadhyay, R.",2,"2017 International Conference on Computer, Communications and Electronics, COMPTELIX 2017"
13,,"Panda, Sreelekha; Mohanty, M.",4,Measurement Science Review
17,,"K., D.; Singh, Mukhtiar",2,Multidimensional Systems and Signal Processing
95,,"Amin, H.; Fayyaz, Rana",3,Biomedical Signal Processing and Control
302,,"Raghu, S.; Kubben, P.",5,Neural Networks
31,,"Kaushik, Geetika; B., R.",4,Biomedical Signal Processing and Control
11,,"Birjandtalab, J.; Harvey, J.",4,"2018 IEEE Biomedical Circuits and Systems Conference, BioCAS 2018 - Proceedings"
2,,"S., S.; Chougule, S.",2,"2019 2nd International Conference on Intelligent Computing, Instrumentation and Control Technologies, ICICICT 2019"
7,,"Zhang, Mengwei; Du, Pangao",3,"Proceedings - 2019 15th International Conference on Computational Intelligence and Security, CIS 2019"
9,,"Ari, A.; Ari, A.",1,Electronics Letters
49,,"Anuragi, Arti; B., R.",3,Computers in Biology and Medicine
31,,"Schiratti, Jean-Baptiste; Gramfort, Alexandre",5,"ICASSP, IEEE International Conference on Acoustics, Speech and Signal Processing - Proceedings"
95,,"Raghu, S.; Kubben, P.",6,Computers in Biology and Medicine
5,,"Deshmukh, Prashant; Awale, R.",4,"Proceedings of the 2017 IEEE International Conference on Communication and Signal Processing, ICCSP 2017"
36,,"Sharmila, A.; Mahalakshmi, P.",2,Journal of Medical Engineering and Technology
9,,"Zuhair, Mohd.; Thomas, Sonia",2,"Advances in Science, Technology and Engineering Systems"
3,,"Eltrass, A.; F., Ahmed",3,Journal of Neural Engineering
21,,"Shankar, A.; Barma, S.",3,"Proceedings of the Annual International Conference of the IEEE Engineering in Medicine and Biology Society, EMBS"
2,,"Mahgoub, Asma; Qaraqe, Marwa",2,"Proceedings - 2020 IEEE EMBS Conference on Biomedical Engineering and Sciences, IECBES 2020"
8,,"Ambati, R.; Shekhar, R.",6,Sensors
7,,"Chen, Shanen; Yang, Zhixian",3,International Journal of Imaging Systems and Technology
6,,,,Lecture Notes in Electrical Engineering
57,,"Birjandtalab, J.; Nourani, M.",3,"Proceedings - 2017 IEEE International Conference on Healthcare Informatics, ICHI 2017"
52,,"Zhang, Yinda; Zhou, F.",6,Sensors (Switzerland)
1,,"Mandal, S.; Singh, B.",4,Lecture Notes in Bioengineering
9,,"M., Kostas; Fotiadis, D.",4,"2019 IEEE EMBS International Conference on Biomedical and Health Informatics, BHI 2019 - Proceedings"
18,,"Li, Mingyang; Tao, Zhang",3,Biomedical Signal Processing and Control
10,,"Alsuwaiket, M.; Alsuwaiket, M.",1,"Engineering, Technology and Applied Science Research"
19,,"Ma, Mengnan; Zhou, Yi",5,BMC Medical Informatics and Decision Making
103,,"Shoeibi, A.; Górriz, J.",10,Biomedical Signal Processing and Control
18,,"Boonyakitanont, P.; Songsiri, J.",3,"ICASSP, IEEE International Conference on Acoustics, Speech and Signal Processing - Proceedings"
,6,"Sharma, Ruchi; Chopra, Khyati",2,Journal of Information and Optimization Sciences
2,,"Praveena, H.; Naidu, K.",3,Advances in Intelligent Systems and Computing
24,,"Dash, D.; H, Maheshkumar",2,Journal of Biomedical Research
49,,"Chen, Xuhui; Li, Pan",4,"ACM-BCB 2018 - Proceedings of the 2018 ACM International Conference on Bioinformatics, Computational Biology, and Health Informatics"
86,,"Fan, Miaolin; Chou, C.",2,IEEE Transactions on Biomedical Engineering
154,,"Li, Mingyang; Tao, Zhang",3,Biomedical Signal Processing and Control
16,,"Xiong, Yuhuan; Li, Bingqian",6,IEEE Access
,,,,
41,,"Akbarian, B.; Erfanian, A.",2,Biomedical Signal Processing and Control
13,,"Zhu, Xinzhong; Tian, Jie",4,Complexity
39,,"Li, Dazi; Hirasawa, Kotaro",4,Neurocomputing
10,,"Gómez-Gil, P.; Rangel-Magdaleno, J.",5,Studies in Computational Intelligence
12,,"Khurram, Md; Belkasim, S.",4,Proceedings of the 2021 ACMSE Conference - ACMSE 2021: The Annual ACM Southeast Conference
54,,"Kevric, Jasmin; Subasi, A.",2,Journal of Medical Systems
56,,"Tuncer, E.; Dogru, Emine",2,Biomedical Signal Processing and Control
3,,"Shingare, A.; Muqdad, Ahmed",2,"Proceedings - 2nd International Conference on Computing, Communication, Control and Automation, ICCUBEA 2016"
1,,"Meng, Q.; Zhang, Hanyong",4,Lecture Notes in Computer Science (including subseries Lecture Notes in Artificial Intelligence and Lecture Notes in Bioinformatics)
1,,"Cherifi, D.; Boubchir, L.",6,"Proceedings - 2022 IEEE International Conference on Bioinformatics and Biomedicine, BIBM 2022"
5,,"Bhuiyan, M.; Das, A.",2,"IECBES 2014, Conference Proceedings - 2014 IEEE Conference on Biomedical Engineering and Sciences: ""Miri, Where Engineering in Medicine and Biology and Humanity Meet"""
151,,"Tian, Xiaobin; Wang, Shitong",9,IEEE Transactions on Neural Systems and Rehabilitation Engineering
23,,"Torse, Dattaprasad; Desai, V.",3,"Proceedings of the 2019 IEEE International Conference on Communication and Signal Processing, ICCSP 2019"
7,,"Wang, Ruofan; Che, Y.",5,Entropy
8,,"S., V.; Devaraj, D.",3,Biomedical Signal Processing and Control
148,,"Gupta, Anubha; Karlekar, Mandar",3,IEEE Transactions on Neural Systems and Rehabilitation Engineering
10,,"Elmahdy, Ahmed; Shahid, A.",4,"2015 International Conference on BioSignal Analysis, Processing and Systems, ICBAPS 2015"
374,,"Bhattacharyya, Abhijit; B., R.",2,IEEE Transactions on Biomedical Engineering
4,,,,Lecture Notes in Electrical Engineering
51,,"Zhang, Yanli; Yuan, Qi",4,Epilepsy and Behavior
112,,"Savadkoohi, M.; A., Lara",3,Biocybernetics and Biomedical Engineering
1,,"A., Mosab; Ozturk, M.",2,TIPTEKNO 2021 - Tip Teknolojileri Kongresi - 2021 Medical Technologies Congress
6,,"Ratham, Hadi; Wen, P.",5,Lecture Notes in Computer Science (including subseries Lecture Notes in Artificial Intelligence and Lecture Notes in Bioinformatics)
,12,"Jirka, J.; Kuča, K.",4,Neuropsychiatric Disease and Treatment
5,,"Bekbalanova, Marzhan; Duisebekov, Zhasdauren",3,"2019 15th International Conference on Electronics, Computer and Computation, ICECCO 2019"
11,,"Zhou, Xueling; Zhao, Kailong",4,Biomedical Signal Processing and Control
24,,"Shariat, Atefeh; M., B.",4,Medical and Biological Engineering and Computing
32,,"D., Katerina; Tsipouras, M.",6,IFMBE Proceedings
2,,"Klibi, Salim; Farah, I.",4,"Proceedings - 2022 2nd International Conference of Smart Systems and Emerging Technologies, SMARTTECH 2022"
44,,"Mahmudul, Kazi; I., M.",4,Expert Systems with Applications
3,,"Muhammad, Raja; Yasmin, Farah",4,"2021 IEEE 11th International Conference on System Engineering and Technology, ICSET 2021 - Proceedings"
51,,"M., Ahmed; Bayoumi, M.",3,"2018 16th IEEE International New Circuits and Systems Conference, NEWCAS 2018"
,26,"Yuan, Shasha; Ma, Zheneng-hua",6,Biomedical Engineering Letters
33,,"Yuan, Shasha; Meng, Q.",5,Epilepsy and Behavior
0,,"Singh, Arshdeep; Yadav, Jyoti",5,Lecture Notes in Networks and Systems
3,,"Chandel, Garima; Chawla, Mayank",4,Advances in Intelligent Systems and Computing
21,,"Al-salman, Wessam; Ratham, Hadi",6,Brain Research
36,,"Kaya, Y.; Kaya, Y.",1,Australasian Physical and Engineering Sciences in Medicine
68,,"Lin, Qin; Chen, Wensheng",7,Lecture Notes in Computer Science (including subseries Lecture Notes in Artificial Intelligence and Lecture Notes in Bioinformatics)
5,,"Hameed, A.; Orman, Zaynep",6,"2020 International Conference on Data Analytics for Business and Industry: Way Towards a Sustainable Economy, ICDABI 2020"
,11,"Gupta, Sarthak; S., M.",4,Lecture Notes in Networks and Systems
20,,"Z.-Flores, Emigdio; N., L.",5,Journal of Neuroscience Methods
5,,"Jaffino, G.; Sangeet, Kommu",3,"2021 International Conference on Forensics, Analytics, Big Data, Security, FABS 2021"
159,,"Chen, Guangyi; Chen, Guangyi",1,Expert Systems with Applications
74,,"Satapathy, S.; Jagadev, A.",3,Informatics in Medicine Unlocked
0,,,,"Smart Innovation, Systems and Technologies"
1,,"Ge, Ting-Ting; Zheng, Xiaoxiang",5,"Proceedings of the Annual International Conference of the IEEE Engineering in Medicine and Biology Society, EMBS"
29,,"Sakkalis, V.; Tsiknakis, M.",7,"Proceedings of the Annual International Conference of the IEEE Engineering in Medicine and Biology Society, EMBS"
19,,"Djemili, Rafik; Boubchir, L.",2,Traitement du Signal
131,,"Fergus, P.; Hamdan, H.",6,Applied Computing and Informatics
5,,"Munia, M.; Dave, Hina",5,"Proceedings - 2021 IEEE 9th International Conference on Healthcare Informatics, ISCHI 2021"
3,,"Yu, Zuyi; Zhou, Weidong",4,"Proceedings of 2018 International Conference on Information Systems and Computer Aided Education, ICISCAE 2018"
2,,"Prasanna, J.; Sairamya, N.",4,"2nd International Conference on Signal Processing and Communication, ICSPC 2019 - Proceedings"
59,,"Supratak, A.; Guo, Yike",3,"2014 36th Annual International Conference of the IEEE Engineering in Medicine and Biology Society, EMBC 2014"
84,,"Wang, Xiaoshuang; Cong, F.",6,Neurocomputing
0,,"Antony, Anson; Shivade, Hiral",6,"Proceedings of the 5th International Conference on I-SMAC (IoT in Social, Mobile, Analytics and Cloud), I-SMAC 2021"
4,,"Mutlu, Busra; Öztoprak, Kasım",3,Biomedizinische Technik
,0,"Pratiher, S.; Bhattacharya, P.",2,
0,,"Kumar, Sudesh; Sahu, S.",3,Lecture Notes in Networks and Systems
37,,"Yuan, Ye; Zhang, Aidong",4,"Proceedings - 2017 IEEE International Conference on Bioinformatics and Biomedicine, BIBM 2017"
15,,"Dutta, Amit; M., M.",2,"ICCIT 2020 - 23rd International Conference on Computer and Information Technology, Proceedings"
24,,"F., A.; Awan, S.",5,Lecture Notes in Electrical Engineering
18,,"Zhao, Wei; Wang, Wenfeng",2,Cognitive Computation and Systems
35,,"Singh, Kuldeep; Malhotra, J.",2,Multimedia Tools and Applications
75,,"Sharma, Rahul; Sircar, P.",3,Biomedical Signal Processing and Control
26,,"Das, A.; Alam, S.",3,"2014 International Conference on Informatics, Electronics and Vision, ICIEV 2014"
21,,"Ibrahim, F.; A., F.",11,International Journal for Numerical Methods in Biomedical Engineering
7,,"Tooba, Ayesha; Khan, Y.",3,"12th IEEE International Conference Electronics, Energy, Environment, Communication, Computer, Control: (E3-C3), INDICON 2015"
140,,"Zhou, Weidong; Li, Xueli",4,IEEE Transactions on Biomedical Engineering
13,,"Handa, Palak; Goel, Nidhi",2,"Proceedings of the 8th International Conference on Signal Processing and Integrated Networks, SPIN 2021"
2,,"Chen, Gong; Niu, Yunyun",3,Chinese Journal of Electronics
13,,"Singh, Nalini; Dehuri, S.",2,Intelligent Decision Technologies
35,,"Zazzaro, Gaetano; Pavone, Luigi",6,Internet of Things (Netherlands)
0,,"Ihab, Rowan; Elagamy, M.",3,"2022 5th International Conference on Communications, Signal Processing, and their Applications, ICCSPA 2022"
3,,"Asif, Mohammad; V., J.",2,"2021 IEEE International Conference on Distributed Computing, VLSI, Electrical Circuits and Robotics, DISCOVER 2021 - Proceedings"
124,,"Zahra, A.; Mcdonald-Maier, K.",5,"2010 Annual International Conference of the IEEE Engineering in Medicine and Biology Society, EMBC'10"
232,,"Kumar, Y.; S., R.",3,"Signal, Image and Video Processing"
3,,"Dash, D.; Kolekar, M.",2,Communications in Computer and Information Science
37,,"Nandy, Apu; Awal, M.",6,IET Image Processing
5,,"Bhattacherjee, I.; Bhattacherjee, I.",1,"Proceedings of the 7th International Conference on Computing for Sustainable Global Development, INDIACom 2020"
43,,"Sameer, M.; Gupta, B.",4,"International Symposium on Wireless Personal Multimedia Communications, WPMC"
36,,"Kumar, Abeg; Banka, H.",2,Bio-Medical Materials and Engineering
21,,"Liu, Xiang; Yuan, Shasha",6,Brain Sciences
5,,"Mandal, S.; Thakur, K.",3,Brazilian Archives of Biology and Technology
47,,"K., S.; Biswal, P.",2,Biomedical Signal Processing and Control
5,,"Elghamry, Hossam; Ismail, T.",5,"2nd Novel Intelligent and Leading Emerging Sciences Conference, NILES 2020"
2,,"Dhoke, Shubham; Yedurkar, D.",4,"2022 International Conference on Signal and Information Processing, IConSIP 2022"
76,,"Geng, Minxing; Zhang, Yanli",5,IEEE Transactions on Neural Systems and Rehabilitation Engineering
52,,"D., Mitchell; Haidar, Ali",3,Neurocomputing
2,,"Tokhmpash, Ala; Shafai, B.",3,Lecture Notes in Networks and Systems
6,,"Syamsundararao, Thalakola; Mosissa, Ramata",9,Contrast Media and Molecular Imaging
5,,"Giannakaki, Katerina; Zervakis, M.",5,"Proceedings - 2019 IEEE 19th International Conference on Bioinformatics and Bioengineering, BIBE 2019"
2,,"S., George; Gabran, S.",5,"2017 Proceedings of the Japan-Africa Conference on Electronics, Communications, and Computers, JAC-ECC 2017"
35,,"Jiwani, Nasmin; Afreen, Neda",3,"2022 International Conference on Emerging Smart Computing and Informatics, ESCI 2022"
3,,"P., D.; Islamiyah, W.",6,Procedia Computer Science
62,,"Zhao, Yanna; Zheng, Yuanjie",9,Computer Methods and Programs in Biomedicine
69,,"Chen, Shanen; Yang, Zhixian",4,IEEE Access
14,,"Xie, Shengkun; Krishnan, S.",2,The Scientific World Journal
15,,"Yol, Seyma; Chaparro, L.",4,"2018 Medical Technologies National Congress, TIPTEKNO 2018"
13,,"Amin, Saadullah; Kamboh, A.",2,"IEEE International Workshop on Machine Learning for Signal Processing, MLSP"
0,,"K., S.; Patnaik, S.",2,"Smart Innovation, Systems and Technologies"
15,,"Giannakakis, G.; Tsiknakis, M.",6,"Proceedings of the Annual International Conference of the IEEE Engineering in Medicine and Biology Society, EMBS"
12,,"Yaseen, Syed; Liarokapis, D.",4,Sensors
36,,"E., O.; Hramov, A.",9,Scientific Reports
0,,"Rhoshnee, Vs; N., S.",2,"Journal of Neurology, Neurosurgery and Psychiatry"
48,,"Mehla, V.; B., R.",4,Physical and Engineering Sciences in Medicine
17,,"Wijayanto, I.; A., H.",3,"2019 11th International Conference on Information Technology and Electrical Engineering, ICITEE 2019"
1,,"Paulose, Anju; Bedeeuzzaman, M.",2,"2014 1st International Conference on Computational Systems and Communications, ICCSC 2014"
34,,"M., Ahmed; Bayoumi, M.",3,"IEEE Workshop on Signal Processing Systems, SiPS: Design and Implementation"
69,,"Zhang, Yanli; Shang, Wei",8,IEEE Transactions on Neural Systems and Rehabilitation Engineering
77,,"Qiu, Yang; Du, Peidong",4,IEEE Transactions on Neural Systems and Rehabilitation Engineering
3,,"Bayrak, S.; Samlı, R.",4,"Computers, Materials and Continua"
5,,"Hamavar, Ramtin; M., B.",2,Computer Methods and Programs in Biomedicine
2,,"Li, Yang; Zhang, Hanyong",6,Lecture Notes in Computer Science (including subseries Lecture Notes in Artificial Intelligence and Lecture Notes in Bioinformatics)
1,,"Chekhmane, G.; Benali, R.",2,"ISIA 2022 - International Symposium on Informatics and its Applications, Proceedings"
71,,"Mao, Wei-Lung; Chang, Tao",4,Journal of Physics: Conference Series
4,,"Perera, N.; D., A.",3,ACM International Conference Proceeding Series
,23,"Singh, Gurwinder; Kaur, M.",3,Medical and Biological Engineering and Computing
1,,"G., P.; Kumar, Suresh",5,Indian Journal of Public Health Research and Development
,33,"Tang, Fang-Gui; Peng, Ziqi",4,Knowledge-Based Systems
5,,"X., Satyender; Singh, Krishnavir",3,Expert Systems
22,,"Hilal, A.; Rizwanullah, Mohammed",8,Biology
8,,"Khurram, Md; Islam, A.",4,"Proceedings of the 5th International Conference on Electronics, Communication and Aerospace Technology, ICECA 2021"
6,,"Anand, Satyajit; K., P.",3,WIECON-ECE 2017 - IEEE International WIE Conference on Electrical and Computer Engineering 2017
,68,"Chen, Guangyi; Krzyżak, A.",4,Journal of Medical and Biological Engineering
96,,"Li, Peng; Liu, Changchun",6,PLoS ONE
,54,"A., J.; B., R.",5,IEEE Sensors Journal
48,,"Mandhouj, Badreddine; Sayadi, M.",3,Analog Integrated Circuits and Signal Processing
14,,"X., Supriya; Zhang, Yanchun",5,Lecture Notes in Computer Science (including subseries Lecture Notes in Artificial Intelligence and Lecture Notes in Bioinformatics)
0,,"Chen, Shanshan; Wang, Dong",4,Lecture Notes in Computer Science (including subseries Lecture Notes in Artificial Intelligence and Lecture Notes in Bioinformatics)
11,,"Shankar, A.; Barma, S.",3,"Proceedings of the 2021 IEEE 18th India Council International Conference, INDICON 2021"
24,,"Chatzichristos, C.; Van, S.",8,"2020 IEEE Signal Processing in Medicine and Biology Symposium, SPMB 2020 - Proceedings"
46,,"M., Ahmed; Bayoumi, M.",2,IEEE Signal Processing Letters
36,,"Malekzadeh, Anis; Alizadehsani, R.",4,Big Data and Cognitive Computing
10,,"Poorani, S.; Balasubramanie, P.",2,"Circuits, Systems, and Signal Processing"
16,,"Abou-Abbas, Lina; Mezghani, N.",6,Applied Sciences (Switzerland)
23,,"E., J.; Yohannan, D.",5,Analog Integrated Circuits and Signal Processing
8,,"Ramakrishnan, S.; Saravanan, P.",3,"Proceedings - International Conference on Vision Towards Emerging Trends in Communication and Networking, ViTECoN 2019"
3,,"Iloon, Tayebeh; Azad, H.",3,Complexity
21,,"D., Katerina; Konitsiotis, S.",6,Proceedings - IEEE Symposium on Computer-Based Medical Systems
14,,"Thara, D.; Hanoon, Naeem",6,Evolutionary Intelligence
5,,"Nandini, D.; V., Oleg",5,"2022 IEEE Delhi Section Conference, DELCON 2022"
2,,"Karin, Zeba; Khan, Y.",3,"2nd International Conference on Signal Processing and Communication, ICSPC 2019 - Proceedings"
1,,"Nath, Ramendra; Maniruzzaman, M.",2,"2020 IEEE Region 10 Symposium, TENSYMP 2020"
8,,"Dash, D.; M., H.",2,Indian Journal of Public Health Research and Development
82,,"Mahmoodian, N.; Haddadnia, Javad",4,Seizure
10,,"Dong, Changxu; Ge, Xinting",7,Journal of Ambient Intelligence and Smart Environments
9,,"Ibrahim, S.; Majzoub, S.",2,International Journal on Electrical Engineering and Informatics
11,,"Tao, Tianli; Xu, Lin",5,"Proceedings of the Annual International Conference of the IEEE Engineering in Medicine and Biology Society, EMBS"
17,,"Quintero-Rincón, Antonio; Risk, M.",5,Journal of Physics: Conference Series
13,,"Das, Tarak; Basak, Piyali",4,"2017 1st International Conference on Electronics, Materials Engineering and Nano-Technology, IEMENTech 2017"
22,,"Zeng, Jiale; A., Chang'an",3,Biomedical Signal Processing and Control
88,,"Cao, Jiuwen; Kummert, A.",4,IEEE Transactions on Cognitive and Developmental Systems
4,,"Mahjoub, C.; Kachouri, A.",4,"IPAS 2016 - 2nd International Image Processing, Applications and Systems Conference"
19,,"Shayeste, H.; M., B.",2,Biomedical Signal Processing and Control
111,,"Zhao, Wei; Zhang, Guokai",8,Computational and Mathematical Methods in Medicine
,83,"Zabihi, M.; Ince, T.",6,IEEE transactions on neural systems and rehabilitation engineering
5,,"M., Irister; T., Antipas",5,"2019 IEEE 11th International Conference on Humanoid, Nanotechnology, Information Technology, Communication and Control, Environment, and Management, HNICEM 2019"
5,,"U., Buhari; D., I.",5,"2019 15th International Conference on Electronics, Computer and Computation, ICECCO 2019"
20,,"Cao, Yuzhen; Yu, Xuyao",4,"2017 4th International Conference on Systems and Informatics, ICSAI 2017"
0,,"Zhang, Fuchun; Zheng, Guiyue",6,Journal of Physics: Conference Series
17,,"Gong, Chen; Niu, Yunyun",3,Computational Biology and Chemistry
9,,"Eltrass, A.; F., Ahmed",3,Biomedical Signal Processing and Control
,5,"K., Marwa; Serpedin, E.",4,"Proceedings of the 2014 4th International Conference on Wireless Mobile Communication and Healthcare - ""Transforming Healthcare Through Innovations in Mobile and Wireless Technologies"", MOBIHEALTH 2014"
3,,"Q., A.; Tripathi, M.",3,"Proceedings - IEEE 2020 2nd International Conference on Advances in Computing, Communication Control and Networking, ICACCCN 2020"
4,,"Gini, A.; Flower, Dr.M.P.",2,Webology
375,,"Sharma, Rajeev; B., R.",2,Expert Systems with Applications
49,,"Kang, Jae-Hwan; Kim, Sung-Phil",3,Computers in Biology and Medicine
13,,"Behnam, Morteza; Pourghassem, H.",2,"2015 Signal Processing and Intelligent Systems Conference, SPIS 2015"
,8,"Mabood, Irfan; Farooq, Omar",3,Lecture Notes in Networks and Systems
50,,"Khanmohammadi, Sina; Chou, C.",2,IEEE Journal of Biomedical and Health Informatics
2,,"Nuhi-Alamin, Md.; Al, Abdulla",3,"4th International Conference on Electrical, Computer and Telecommunication Engineering, ICECTE 2022"
89,,"R., V.; M., E.",4,Biomedical Signal Processing and Control
5,,"Humairani, A.; Fuadah, Y.",5,"2022 10th International Conference on Information and Communication Technology, ICoICT 2022"
18,,"Tanveer, Muhammad; V., N.",3,"Proceedings of the 2018 IEEE Symposium Series on Computational Intelligence, SSCI 2018"
3,,"Nemati, Nazanin; Farzamnia, A.",3,"2020 28th Iranian Conference on Electrical Engineering, ICEE 2020"
4,,"Pafferi, Francesca; Pavone, Luigi",5,"Proceedings - 2020 IEEE 22nd International Conference on High Performance Computing and Communications, IEEE 18th International Conference on Smart City and IEEE 6th International Conference on Data Science and Systems, HPCC-SmartCity-DSS 2020"
315,,"Riaz, Farhan; Dremstrup, K.",5,IEEE Transactions on Neural Systems and Rehabilitation Engineering
129,,"D.K., Thara; Xiong, F.",3,Pattern Recognition Letters
14,,"Liu, Qi; Liu, Hongguang",4,Technology and Health Care
13,,"Baldominos, Alejandro; Ramon-Lozano, C.",2,"2017 IEEE Congress on Evolutionary Computation, CEC 2017 - Proceedings"
22,,"Hussein, Ramy; Ward, R.",4,"ICASSP, IEEE International Conference on Acoustics, Speech and Signal Processing - Proceedings"
26,,"Jindal, K.; Shankar, Hari",3,Analog Integrated Circuits and Signal Processing
193,,"Hussein, Ramy; Jane, Z.",4,Clinical Neurophysiology
4,,"Swami, P.; Anand, S.",5,"12th IEEE International Conference Electronics, Energy, Environment, Communication, Computer, Control: (E3-C3), INDICON 2015"
24,,"Hassan, A.; A., M.",2,"IEEE Region 10 Annual International Conference, Proceedings/TENCON"
16,,"Attia, A.; Chahir, Y.",3,Evolving Systems
31,,"Zarei, Roozbeh; Zhang, Yanchun",5,BioMed Research International
3,,"Patel, Payal; Satija, Udit",2,"2021 National Conference on Communications, NCC 2021"
63,,"Li, Peng; Liu, Changchun",5,Frontiers in Physiology
2,,"Moharamzadeh, Nader; Motie, Ali",2,Biomedizinische Technik
9,,"Ray, Niladri; Bose, R.",5,"Proceedings - 2018 4th IEEE International Conference on Research in Computational Intelligence and Communication Networks, ICRCICN 2018"
79,,"Chen, Lanlan; Wang, Guisong",5,Biomedical Signal Processing and Control
55,,"Malekzadeh, Anis; Alizadehsani, R.",5,Sensors
12,,"Sun, Qi; Wang, Chaodong",4,Journal of Sensors
204,,"Yuan, Ye; Zhang, Aidong",4,"2018 IEEE EMBS International Conference on Biomedical and Health Informatics, BHI 2018"
11,,"Pandey, A.; K., Kaushal",4,IEEE Journal of Biomedical and Health Informatics
80,,"Orosco, Lorena; Laciar, E.",4,Computers in Biology and Medicine
42,,"Ben, Itaf; Seddik, H.",4,Journal of Biomedical Research
17,,"Modak, Sudip; Chatterjee, S.",4,IEEE Sensors Journal
17,,"Jiang, Xinyu; Chen, Wei",3,"BioCAS 2019 - Biomedical Circuits and Systems Conference, Proceedings"
3,,"Zhang, Hanyong; Li, Y.",5,Lecture Notes in Computer Science (including subseries Lecture Notes in Artificial Intelligence and Lecture Notes in Bioinformatics)
79,,"Yao, Xinghua; Zhang, Guoqiang",6,Biomedical Signal Processing and Control
0,,"Suguna, P.; Umamaheswari, R.",3,Lecture Notes in Networks and Systems
6,,"Song, Jiangling; Zhang, Rui",2,Proceedings of the International Joint Conference on Neural Networks
5,,"Aileni, R.; Florescu, A.",3,"2019 11th International Symposium on Advanced Topics in Electrical Engineering, ATEE 2019"
1,,"Banu, N.; SharmilaBanu, N.",3,International Journal of Engineering and Advanced Technology
33,,"Duan, Lijuan; Zhang, Baochang",6,IEEE Journal of Biomedical and Health Informatics
4,,"Ali, Hanan; Rahim, M.",5,"2019 IEEE 9th International Conference on System Engineering and Technology, ICSET 2019 - Proceeding"
2,,"B., Hardika; Paunwala, C.",2,Advances in Intelligent Systems and Computing
3,,"Duque-Muñoz, L.; Castellanos-Domínguez, G.",3,Lecture Notes in Computer Science (including subseries Lecture Notes in Artificial Intelligence and Lecture Notes in Bioinformatics)
5,,"Sunaryono, Dwi; Rafi, Naufal",7,International Journal of Intelligent Engineering and Systems
16,,"Zhao, Xian; Chen, Wei",5,IEEE Access
4,,"Sahu, S.; Gorthi, Subrahmanyam",3,European Signal Processing Conference
3,,"Bhattacherjee, I.; Bhattacherjee, I.",1,"Proceedings of the 2022 9th International Conference on Computing for Sustainable Global Development, INDIACom 2022"
60,,"Zeng, Ke; Li, Xiaoli",6,Neurocomputing
139,,"Akyol, K.; Akyol, K.",1,Expert Systems with Applications
32,,"Ghassemi, Navid; Hosseini-Nejad, Hossein",4,"2019 9th International Conference on Computer and Knowledge Engineering, ICCKE 2019"
2,,"Li, Yang; Jiang, Hui",6,"Proceedings of the Annual International Conference of the IEEE Engineering in Medicine and Biology Society, EMBS"
4,,"Swami, P.; Anand, S.",5,"3rd International Conference on Signal Processing and Integrated Networks, SPIN 2016"
2,,"Xu, Sha-Sha; Wang, Yue",4,"Proceedings - 2021 International Conference on Machine Learning and Intelligent Systems Engineering, MLISE 2021"
17,,"Brari, Zayneb; Belghith, S.",2,Mathematical Problems in Engineering
8,,"Juárez-Guerra, E.; García-Treviño, E.",5,Journal of Signal Processing Systems
2,,"Chandel, Garima; Varshney, Y.",4,"Proceedings - 2019 International Conference on Electrical, Electronics and Computer Engineering, UPCON 2019"
,12,"Hitchcock, Anthony; Atienza, David",3,International Symposium on Circuits and Systems
6,,"Das, A.; Bhuiyan, M.",3,ICEEE 2015 - 1st International Conference on Electrical and Electronic Engineering
8,,"Tziridis, K.; Papakostas, G.",3,"2021 IEEE 11th Annual Computing and Communication Workshop and Conference, CCWC 2021"
4,,"Degirmenci, Murside; Akan, A.",2,"TIPTEKNO 2020 - Tip Teknolojileri Kongresi - 2020 Medical Technologies Congress, TIPTEKNO 2020"
78,,"Wang, Gang; Yan, Xiangguo",6,IEEE Journal of Biomedical and Health Informatics
16,,"Matin, Abdul; Usama, Muhammad",5,"2019 Joint 8th International Conference on Informatics, Electronics and Vision, ICIEV 2019 and 3rd International Conference on Imaging, Vision and Pattern Recognition, icIVPR 2019 with International Conference on Activity and Behavior Computing, ABC 2019"
1,,"Lei, Chang; Peng, Hong",7,"Proceedings - 2021 IEEE International Conference on Bioinformatics and Biomedicine, BIBM 2021"
1,,"A, Dr.Anandaraj; Alphonse, P.",2,"2022 IEEE North Karnataka Subsection Flagship International Conference, NKCon 2022"
15,,"Zheng, Yu-xin; Zhang, Jian-Min",5,Neuromodulation
86,,"Kocadağlı, Ozan; Langari, R.",2,Expert Systems with Applications
2,,"A., Simone; A., Simone",1,"Proceedings - 2022 IEEE International Conference on Big Data, Big Data 2022"
,9,"Wang, Xiaoying; Yang, Qintai",10,International Journal of Intelligent Systems
3,,"Yu, Jie; Chen, Xueqin",3,"Proceedings - 2014 International Conference on Control, Decision and Information Technologies, CoDIT 2014"
1,,"Samal, D.; Bisoi, R.",3,Neural Computing and Applications
1,,"Yao, Shuxin; Zhang, Yanli",2,Proceedings of SPIE - The International Society for Optical Engineering
2,,"Torse, Dattaprasad; Khanai, Rajashri",2,"2021 International Conference on Computer Communication and Informatics, ICCCI 2021"
24,,"Alotaiby, T.; Alkhanen, Emaan",5,"2015 International Conference on Information and Communication Technology Research, ICTRC 2015"
25,,"Bilal, M.; Alqarni, M.",6,IEEE Access
8,,"Saidi, Afef; Ben, S.",3,"2021 IEEE Symposium on Industrial Electronics and Applications, ISIEA 2021"
,27,"Sameer, M.; Gupta, B.",2,Wireless personal communications
35,,"Polat, K.; Nour, M.",2,IRBM
27,,"Taran, S.; Siuly, S.",3,Health Information Science and Systems
40,,"Kaleem, M.; Krishnan, S.",3,Biomedical Signal Processing and Control
91,,"P., P.; Adeli, H.",5,Clinical EEG and Neuroscience
2,,"Torse, Dattaprasad; Khanai, Rajashri",3,Advances in Intelligent Systems and Computing
9,,"Humairani, A.; Hadiyoso, S.",4,Journal of Physics: Conference Series
0,,"Ray, P.; Pratyasha, Prateek",2,"Proceedings of the International Conference on Intelligent Sustainable Systems, ICISS 2019"
5,,"Shoka, A.; El-Sayed, A.",4,"Proceedings of the International Japan-Africa Conference on Electronics, Communications and Computations, JAC-ECC 2019"
10,,"Gao, Yong-Xiang; Zhang, Jinxin",7,Technology and Health Care
39,,"Hamad, A.; Fahmy, A.",4,Advances in Intelligent Systems and Computing
42,,"Shen, Chia-Ping; Chiu, M.",8,Clinical EEG and Neuroscience
51,,"Kumar, Abhishek; Kolekar, M.",2,"2014 International Conference on Medical Imaging, m-Health and Emerging Communication Systems, MedCom 2014"
5,,"A., Mahmood; Abdulkareem, Akeel",3,Iraqi Journal of Science
3,,"Jeong, Seungwoo; Suk, Heung-Il",4,"9th IEEE International Winter Conference on Brain-Computer Interface, BCI 2021"
89,,"Niknazar, M.; Sayyah, M.",4,IEEE Journal of Biomedical and Health Informatics
32,,"Hassan, Fatima; Qaisar, S.",3,Journal of Healthcare Engineering
4,,"Sukaria, William; R., Sunil",8,"2022 IEEE International Symposium on Medical Measurements and Applications, MeMeA 2022 - Conference Proceedings"
3,,"Alotaiby, T.; i, Naif",8,"International Conference on Electronic Devices, Systems, and Applications"
5,,"Tripathi, D.; Agrawal, N.",2,Lecture Notes in Electrical Engineering
1,,"Wei, Xiao-Hong; Zhou, Yi",2,ACM International Conference Proceeding Series
24,,"Khan, Pritam; H., Amir",5,Computers in Biology and Medicine
13,,"Wang, Guanjin; Choi, K.",3,Lecture Notes in Computer Science (including subseries Lecture Notes in Artificial Intelligence and Lecture Notes in Bioinformatics)
89,,"Gómez, Catalina; Valderrama, M.",6,Scientific Reports
12,,"Tăuțan, Alexandra-Maria; Ionescu, B.",3,"Proceedings of the Annual International Conference of the IEEE Engineering in Medicine and Biology Society, EMBS"
3,,"Wang, Zhuozheng; Zhou, Xiaofan",2,"Proceedings - 2022 2nd International Conference on Frontiers of Electronics, Information and Computation Technologies, ICFEICT 2022"
2,,"Moldovan, Dorin; Moldovan, Dorin",1,Advances in Intelligent Systems and Computing
,,,,
10,,"Abuhasel, K.; Fatichah, Chastine",3,Journal of Advanced Computational Intelligence and Intelligent Informatics
24,,"Mahajan, A.; Sameer, M.",3,"Proceedings - 2020 IEEE EMBS Conference on Biomedical Engineering and Sciences, IECBES 2020"
12,,"Sagga, Dhouha; Ghorbel, M.",4,Proceedings - STA 2020: 2020 20th International Conference on Sciences and Techniques of Automatic Control and Computer Engineering
250,,"Mursalin, M.; Chawla, N.",4,Neurocomputing
7,,"Shekokar, Kishori; Ahmad, Gufran",3,"Proceedings of the 8th International Conference on Signal Processing and Integrated Networks, SPIN 2021"
9,,"Janjarasjitt, S.; Janjarasjitt, S.",1,Australasian Physical and Engineering Sciences in Medicine
0,,"Bhutra, Rangesh; Hota, M.",4,"Proceedings - 2022 International Conference on Smart and Sustainable Technologies in Energy and Power Sectors, SSTEPS 2022"
5,,"Ruiz, Manuel; Porfiri, M.",4,iScience
68,,"Sun, Chen; Yuan, Qi",6,International Journal of Neural Systems
31,,"Ekong, U.; Ling, S.",7,Neurocomputing
14,,"Bhattacharyya, Abhijit; B., R.",3,Advances in Intelligent Systems and Computing
6,,"S.R, Ashokkumar; Saravanan, M.",6,"3rd International Conference on Smart Electronics and Communication, ICOSEC 2022 - Proceedings"
1,,"Nayak, Jigyasa; Tayal, Akash",3,Communications in Computer and Information Science
80,,"Sharma, R.; Vishvakarma, S.",4,IEEE Sensors Letters
8,,"Bhandari, Vedavati; D., M.",2,International Journal of Intelligent Robotics and Applications
8,,"Masum, Mohammad; M., Hisham",3,"Proceedings of the Annual International Conference of the IEEE Engineering in Medicine and Biology Society, EMBS"
34,,"Chanel, Laurent; Wolf, D.",5,Biomedical Signal Processing and Control
5,,"Sheoran, Poonam; Saini, J.",3,"2020 7th International Conference on Signal Processing and Integrated Networks, SPIN 2020"
0,,,,"Proceedings of World Multi-Conference on Systemics, Cybernetics and Informatics, WMSCI"
36,,"E., M.; Wang, Hua",4,International Journal of Computational Intelligence Systems
,0,"Sivasankari, K.; Kalaivanan, K.",3,"2013 International Conference on Current Trends in Engineering and Technology, ICCTET 2013"
60,,"Wu, Duanpo; Ding, Yao",7,IEEE Access
146,,"Ahammad, Nabeel; Joseph, P.",3,BioMed Research International
22,,"Huang, Chengbin; Cao, Guitao",3,"Proceedings - 2019 IEEE International Conference on Bioinformatics and Biomedicine, BIBM 2019"
10,,"Anugraha, A.; Narasimhan, K.",5,"ICCIDS 2017 - International Conference on Computational Intelligence in Data Science, Proceedings"
23,,"Vijith, V.; Yohannan, D.",5,"Proceedings of the International Conference on Inventive Computation Technologies, ICICT 2016"
34,,"You, Sungmin; Kim, I.",5,Computer Methods and Programs in Biomedicine
30,,"Yan, Xucun; Vucetic, B.",4,IEEE Transactions on Neural Systems and Rehabilitation Engineering
31,,"Wijayanto, I.; Winduratna, Bondhan",4,"Proceedings - 2019 International Seminar on Intelligent Technology and Its Application, ISITIA 2019"
11,,"Raghu, S.; Kubben, P.",6,Journal of Biomedical Research
139,,"Xu, Gaowei; Che, W.",4,Frontiers in Neuroscience
355,,"Samiee, Kaveh; Gabbouj, M.",3,IEEE Transactions on Biomedical Engineering
16,,"Mahmudul, Kazi; I., M.",4,"Proceedings - 2019 International Conference on Cyberworlds, CW 2019"
63,,"Tao, Zhang; Li, Mingyang",3,Biocybernetics and Biomedical Engineering
152,,"Fu, K.; Zou, Tao",4,Biomedical Signal Processing and Control
9,,"Jiang, Xinyu; Chen, Wei",5,Applied Sciences (Switzerland)
32,,"Yuan, Shasha; Wang, Jiwen",7,International Journal of Neural Systems
213,,"Hassan, A.; Zhang, Yanchun",3,Computer Methods and Programs in Biomedicine
48,,"Wang, Yuanfa; Zhang, Wenhao",5,Computational and Mathematical Methods in Medicine
5,,"Alrawashdeh, Rana; Mardini, W.",3,International Journal of Communication Networks and Information Security
18,,"Shekokar, Kishori; Dour, Shweta",2,World Journal of Engineering
16,,"Lee, Miran; Kim, Deok‐Hwan",3,ETRI Journal
4,,"Shantha, R.; Abirami, R.",3,"2019 International Conference on Wireless Communications, Signal Processing and Networking, WiSPNET 2019"
20,,"Nishad, A.; B., R.",2,Journal of Ambient Intelligence and Humanized Computing
27,,"Singh, Gurwinder; Singh, Birmohan",3,Wireless Personal Communications
3,,"T, Rajendran; T, Anitha",5,International Journal of Current Research and Review
24,,"Li, Mingyang; Zhang, Tao",5,IEEE Access
90,,"E., M.; Zhang, Yanchun",3,Brain Informatics
23,,"Zeng, M.; Meng, Qing-Hao",3,IEEE Access
,1,"Anh, Tuan; Westerlund, Tomi",3,International ICST Conference on Wireless Mobile Communication and Healthcare
3,,"Ontivero-Ortega, M.; Martínez-Montes, E.",3,IFMBE Proceedings
251,,"B., R.; Patidar, Shivnarayan",2,Computer Methods and Programs in Biomedicine
135,,,,NeuroImage: Clinical
7,,"Sendi, M.; Mahmoudi, B.",3,"Proceedings of the Annual International Conference of the IEEE Engineering in Medicine and Biology Society, EMBS"
6,,"Thyagachandran, A.; Murthy, H.",5,"2020 IEEE Signal Processing in Medicine and Biology Symposium, SPMB 2020 - Proceedings"
39,,"Craley, J.; Venkataraman, A.",4,Biomedical Signal Processing and Control
61,,"Radman, Moein; Saif, M.",5,IEEE Sensors Journal
31,,"K., Marwa; Serpedin, E.",3,Epilepsy and Behavior
17,,"Supriya, Supriya; Zhang, Yanchun",4,Applied Acoustics
2,,"Asghari, Niloufar; A., S.",2,"2022 5th International Conference on Theoretical and Applied Computer Science and Engineering, ICTASCE 2022"
